Date,Price,Car Type,Avg Price,Last 30 days,Last 90 days,YoY Change
07-21-2014,24578.05996974976,SUV,45856,-3.07,-5.6,-2.4
08-26-2014,24820.15966373259,SUV,45856,-3.07,-5.6,-2.4
10-01-2014,24499.10995002061,SUV,45856,-3.07,-5.6,-2.4
11-06-2014,24497.735712684484,SUV,45856,-3.07,-5.6,-2.4
12-12-2014,24788.1241425382,SUV,45856,-3.07,-5.6,-2.4
01-17-2015,25262.687512245393,SUV,45856,-3.07,-5.6,-2.4
02-22-2015,25930.841267921573,SUV,45856,-3.07,-5.6,-2.4
03-30-2015,26414.652876502674,SUV,45856,-3.07,-5.6,-2.4
05-05-2015,27386.05210181286,SUV,45856,-3.07,-5.6,-2.4
06-10-2015,27897.856334355092,SUV,45856,-3.07,-5.6,-2.4
07-16-2015,28350.704113391548,SUV,45856,-3.07,-5.6,-2.4
08-21-2015,28316.219190492855,SUV,45856,-3.07,-5.6,-2.4
09-26-2015,28085.527141605315,SUV,45856,-3.07,-5.6,-2.4
11-01-2015,28141.25393933523,SUV,45856,-3.07,-5.6,-2.4
12-07-2015,28886.675280437063,SUV,45856,-3.07,-5.6,-2.4
01-12-2016,29427.763756502984,SUV,45856,-3.07,-5.6,-2.4
02-17-2016,29310.491589972054,SUV,45856,-3.07,-5.6,-2.4
03-24-2016,29418.271100662296,SUV,45856,-3.07,-5.6,-2.4
04-29-2016,30289.47283196496,SUV,45856,-3.07,-5.6,-2.4
06-04-2016,31160.30348230746,SUV,45856,-3.07,-5.6,-2.4
07-10-2016,31011.558183402216,SUV,45856,-3.07,-5.6,-2.4
08-15-2016,30681.259566788096,SUV,45856,-3.07,-5.6,-2.4
09-20-2016,30210.004831941034,SUV,45856,-3.07,-5.6,-2.4
10-26-2016,30396.393076778713,SUV,45856,-3.07,-5.6,-2.4
12-01-2016,30891.45504320249,SUV,45856,-3.07,-5.6,-2.4
01-06-2017,31319.219249317062,SUV,45856,-3.07,-5.6,-2.4
02-11-2017,31604.020955421012,SUV,45856,-3.07,-5.6,-2.4
03-19-2017,31839.840484628534,SUV,45856,-3.07,-5.6,-2.4
04-24-2017,31471.414050325908,SUV,45856,-3.07,-5.6,-2.4
05-30-2017,31362.697976992247,SUV,45856,-3.07,-5.6,-2.4
07-05-2017,31085.515208615012,SUV,45856,-3.07,-5.6,-2.4
08-10-2017,31184.894352668445,SUV,45856,-3.07,-5.6,-2.4
09-15-2017,30883.162651715425,SUV,45856,-3.07,-5.6,-2.4
10-21-2017,31049.903438285848,SUV,45856,-3.07,-5.6,-2.4
11-26-2017,31437.18324694584,SUV,45856,-3.07,-5.6,-2.4
01-01-2018,31569.627558824595,SUV,45856,-3.07,-5.6,-2.4
02-06-2018,31958.790174392725,SUV,45856,-3.07,-5.6,-2.4
03-14-2018,32057.79306335045,SUV,45856,-3.07,-5.6,-2.4
04-19-2018,32622.72239430046,SUV,45856,-3.07,-5.6,-2.4
05-25-2018,32936.32317390395,SUV,45856,-3.07,-5.6,-2.4
06-30-2018,33041.51657599986,SUV,45856,-3.07,-5.6,-2.4
08-05-2018,32714.330433471005,SUV,45856,-3.07,-5.6,-2.4
09-10-2018,31991.801136738766,SUV,45856,-3.07,-5.6,-2.4
10-16-2018,31751.19890865459,SUV,45856,-3.07,-5.6,-2.4
11-21-2018,31859.276671000476,SUV,45856,-3.07,-5.6,-2.4
12-27-2018,32151.141645004933,SUV,45856,-3.07,-5.6,-2.4
02-01-2019,32645.455024986884,SUV,45856,-3.07,-5.6,-2.4
03-09-2019,33010.81138989031,SUV,45856,-3.07,-5.6,-2.4
04-14-2019,33533.77446617983,SUV,45856,-3.07,-5.6,-2.4
05-20-2019,33751.48908313346,SUV,45856,-3.07,-5.6,-2.4
06-25-2019,33637.39603972543,SUV,45856,-3.07,-5.6,-2.4
07-31-2019,33511.35151396798,SUV,45856,-3.07,-5.6,-2.4
09-05-2019,33322.291278074175,SUV,45856,-3.07,-5.6,-2.4
10-11-2019,33019.939973204506,SUV,45856,-3.07,-5.6,-2.4
11-16-2019,33129.401270200535,SUV,45856,-3.07,-5.6,-2.4
12-22-2019,33471.86935086522,SUV,45856,-3.07,-5.6,-2.4
01-27-2020,33755.79421962262,SUV,45856,-3.07,-5.6,-2.4
03-03-2020,33235.46670541603,SUV,45856,-3.07,-5.6,-2.4
04-08-2020,33348.46598556337,SUV,45856,-3.07,-5.6,-2.4
05-14-2020,33756.02425329183,SUV,45856,-3.07,-5.6,-2.4
06-19-2020,33685.65496559807,SUV,45856,-3.07,-5.6,-2.4
07-25-2020,33371.010687117385,SUV,45856,-3.07,-5.6,-2.4
08-30-2020,33222.41052076941,SUV,45856,-3.07,-5.6,-2.4
10-05-2020,33365.74471149844,SUV,45856,-3.07,-5.6,-2.4
11-10-2020,33833.34156799286,SUV,45856,-3.07,-5.6,-2.4
12-16-2020,34484.79115090262,SUV,45856,-3.07,-5.6,-2.4
01-21-2021,35101.66449450482,SUV,45856,-3.07,-5.6,-2.4
02-26-2021,36137.46690929848,SUV,45856,-3.07,-5.6,-2.4
04-03-2021,36842.62959676077,SUV,45856,-3.07,-5.6,-2.4
05-09-2021,37138.204166757256,SUV,45856,-3.07,-5.6,-2.4
06-14-2021,37975.61717315586,SUV,45856,-3.07,-5.6,-2.4
07-20-2021,39005.79423030422,SUV,45856,-3.07,-5.6,-2.4
08-25-2021,39378.50086275439,SUV,45856,-3.07,-5.6,-2.4
09-30-2021,40265.95586791176,SUV,45856,-3.07,-5.6,-2.4
11-05-2021,41305.41926843844,SUV,45856,-3.07,-5.6,-2.4
12-11-2021,42340.82351361313,SUV,45856,-3.07,-5.6,-2.4
01-16-2022,44325.2592012592,SUV,45856,-3.07,-5.6,-2.4
02-21-2022,45955.7987550979,SUV,45856,-3.07,-5.6,-2.4
03-29-2022,47817.22538637917,SUV,45856,-3.07,-5.6,-2.4
05-04-2022,49189.86876316345,SUV,45856,-3.07,-5.6,-2.4
06-09-2022,49510.584399435735,SUV,45856,-3.07,-5.6,-2.4
07-15-2022,49457.8161252728,SUV,45856,-3.07,-5.6,-2.4
08-20-2022,49188.9222161662,SUV,45856,-3.07,-5.6,-2.4
09-25-2022,49179.65589942738,SUV,45856,-3.07,-5.6,-2.4
10-31-2022,49241.70725415886,SUV,45856,-3.07,-5.6,-2.4
12-06-2022,49041.2035013362,SUV,45856,-3.07,-5.6,-2.4
01-11-2023,48821.740581333914,SUV,45856,-3.07,-5.6,-2.4
02-16-2023,48523.26065716993,SUV,45856,-3.07,-5.6,-2.4
03-24-2023,48456.71425068924,SUV,45856,-3.07,-5.6,-2.4
04-29-2023,48247.84884828452,SUV,45856,-3.07,-5.6,-2.4
06-04-2023,48938.51791454189,SUV,45856,-3.07,-5.6,-2.4
07-10-2023,49529.95772267384,SUV,45856,-3.07,-5.6,-2.4
08-15-2023,49819.08428853313,SUV,45856,-3.07,-5.6,-2.4
09-20-2023,49842.675505427505,SUV,45856,-3.07,-5.6,-2.4
10-26-2023,49779.33108135884,SUV,45856,-3.07,-5.6,-2.4
12-01-2023,49017.5489407946,SUV,45856,-3.07,-5.6,-2.4
01-06-2024,48070.87587207322,SUV,45856,-3.07,-5.6,-2.4
02-11-2024,47416.798305952725,SUV,45856,-3.07,-5.6,-2.4
03-18-2024,46270.573437328676,SUV,45856,-3.07,-5.6,-2.4
07-21-2014,14017.876628413143,Hyundai,22491,-1.12,-4.39,-8.24
08-26-2014,14043.417807662947,Hyundai,22491,-1.12,-4.39,-8.24
10-01-2014,14108.027489971755,Hyundai,22491,-1.12,-4.39,-8.24
11-06-2014,14191.014294867904,Hyundai,22491,-1.12,-4.39,-8.24
12-12-2014,14070.7543903753,Hyundai,22491,-1.12,-4.39,-8.24
01-17-2015,13854.772710460238,Hyundai,22491,-1.12,-4.39,-8.24
02-22-2015,13856.932761093612,Hyundai,22491,-1.12,-4.39,-8.24
03-30-2015,13895.87113482974,Hyundai,22491,-1.12,-4.39,-8.24
05-05-2015,13913.526377595397,Hyundai,22491,-1.12,-4.39,-8.24
06-10-2015,13985.994920529054,Hyundai,22491,-1.12,-4.39,-8.24
07-16-2015,14126.544384033405,Hyundai,22491,-1.12,-4.39,-8.24
08-21-2015,14302.748624265321,Hyundai,22491,-1.12,-4.39,-8.24
09-26-2015,14317.947679017267,Hyundai,22491,-1.12,-4.39,-8.24
11-01-2015,14452.069434002096,Hyundai,22491,-1.12,-4.39,-8.24
12-07-2015,14384.32301080691,Hyundai,22491,-1.12,-4.39,-8.24
01-12-2016,14208.967724052402,Hyundai,22491,-1.12,-4.39,-8.24
02-17-2016,14127.322542806378,Hyundai,22491,-1.12,-4.39,-8.24
03-24-2016,14372.61726627686,Hyundai,22491,-1.12,-4.39,-8.24
04-29-2016,14358.320719053498,Hyundai,22491,-1.12,-4.39,-8.24
06-04-2016,14489.46784169082,Hyundai,22491,-1.12,-4.39,-8.24
07-10-2016,14523.29643779361,Hyundai,22491,-1.12,-4.39,-8.24
08-15-2016,14313.844864480567,Hyundai,22491,-1.12,-4.39,-8.24
09-20-2016,14293.237195863294,Hyundai,22491,-1.12,-4.39,-8.24
10-26-2016,14913.65805174395,Hyundai,22491,-1.12,-4.39,-8.24
12-01-2016,14949.93552307137,Hyundai,22491,-1.12,-4.39,-8.24
01-06-2017,14854.011144045659,Hyundai,22491,-1.12,-4.39,-8.24
02-11-2017,14969.865927832789,Hyundai,22491,-1.12,-4.39,-8.24
03-19-2017,15212.456391058759,Hyundai,22491,-1.12,-4.39,-8.24
04-24-2017,15448.161615959421,Hyundai,22491,-1.12,-4.39,-8.24
05-30-2017,15573.772443800084,Hyundai,22491,-1.12,-4.39,-8.24
07-05-2017,15365.34314899337,Hyundai,22491,-1.12,-4.39,-8.24
08-10-2017,15091.78139749476,Hyundai,22491,-1.12,-4.39,-8.24
09-15-2017,14771.639425700143,Hyundai,22491,-1.12,-4.39,-8.24
10-21-2017,14698.782700908198,Hyundai,22491,-1.12,-4.39,-8.24
11-26-2017,14612.842785714496,Hyundai,22491,-1.12,-4.39,-8.24
01-01-2018,14442.344019208082,Hyundai,22491,-1.12,-4.39,-8.24
02-06-2018,14352.525603159607,Hyundai,22491,-1.12,-4.39,-8.24
03-14-2018,14526.94659409798,Hyundai,22491,-1.12,-4.39,-8.24
04-19-2018,14844.707941136405,Hyundai,22491,-1.12,-4.39,-8.24
05-25-2018,14980.998052345742,Hyundai,22491,-1.12,-4.39,-8.24
06-30-2018,14904.59519752573,Hyundai,22491,-1.12,-4.39,-8.24
08-05-2018,14785.198711098483,Hyundai,22491,-1.12,-4.39,-8.24
09-10-2018,14523.27049604215,Hyundai,22491,-1.12,-4.39,-8.24
10-16-2018,14684.169282966886,Hyundai,22491,-1.12,-4.39,-8.24
11-21-2018,14694.50288657538,Hyundai,22491,-1.12,-4.39,-8.24
12-27-2018,14619.836957492551,Hyundai,22491,-1.12,-4.39,-8.24
02-01-2019,14709.989626725075,Hyundai,22491,-1.12,-4.39,-8.24
03-09-2019,15112.330025448578,Hyundai,22491,-1.12,-4.39,-8.24
04-14-2019,15434.690770666446,Hyundai,22491,-1.12,-4.39,-8.24
05-20-2019,15601.752248953451,Hyundai,22491,-1.12,-4.39,-8.24
06-25-2019,15793.895553406674,Hyundai,22491,-1.12,-4.39,-8.24
07-31-2019,15692.875975635032,Hyundai,22491,-1.12,-4.39,-8.24
09-05-2019,15504.120660797442,Hyundai,22491,-1.12,-4.39,-8.24
10-11-2019,15563.032648928549,Hyundai,22491,-1.12,-4.39,-8.24
11-16-2019,15618.446847124858,Hyundai,22491,-1.12,-4.39,-8.24
12-22-2019,15280.054550594263,Hyundai,22491,-1.12,-4.39,-8.24
01-27-2020,15126.468354063978,Hyundai,22491,-1.12,-4.39,-8.24
03-03-2020,15083.054326039291,Hyundai,22491,-1.12,-4.39,-8.24
04-08-2020,15120.473844118997,Hyundai,22491,-1.12,-4.39,-8.24
05-14-2020,15221.361648701046,Hyundai,22491,-1.12,-4.39,-8.24
06-19-2020,15089.977096988188,Hyundai,22491,-1.12,-4.39,-8.24
07-25-2020,15096.675751189396,Hyundai,22491,-1.12,-4.39,-8.24
08-30-2020,15191.432733540578,Hyundai,22491,-1.12,-4.39,-8.24
10-05-2020,15160.417789331661,Hyundai,22491,-1.12,-4.39,-8.24
11-10-2020,15156.092640763394,Hyundai,22491,-1.12,-4.39,-8.24
12-16-2020,15180.754227311932,Hyundai,22491,-1.12,-4.39,-8.24
01-21-2021,15168.203785340364,Hyundai,22491,-1.12,-4.39,-8.24
02-26-2021,15508.948895918425,Hyundai,22491,-1.12,-4.39,-8.24
04-03-2021,15940.007026830748,Hyundai,22491,-1.12,-4.39,-8.24
05-09-2021,16119.180887906427,Hyundai,22491,-1.12,-4.39,-8.24
06-14-2021,16283.453187808993,Hyundai,22491,-1.12,-4.39,-8.24
07-20-2021,16336.24979886802,Hyundai,22491,-1.12,-4.39,-8.24
08-25-2021,16293.253213746282,Hyundai,22491,-1.12,-4.39,-8.24
09-30-2021,16198.448191537424,Hyundai,22491,-1.12,-4.39,-8.24
11-05-2021,16602.475510917022,Hyundai,22491,-1.12,-4.39,-8.24
12-11-2021,17295.347927920306,Hyundai,22491,-1.12,-4.39,-8.24
01-16-2022,18333.18553464965,Hyundai,22491,-1.12,-4.39,-8.24
02-21-2022,19462.34357697361,Hyundai,22491,-1.12,-4.39,-8.24
03-29-2022,20921.567527317315,Hyundai,22491,-1.12,-4.39,-8.24
05-04-2022,22267.81310500733,Hyundai,22491,-1.12,-4.39,-8.24
06-09-2022,22965.763609155783,Hyundai,22491,-1.12,-4.39,-8.24
07-15-2022,23482.197683596012,Hyundai,22491,-1.12,-4.39,-8.24
08-20-2022,23921.946695905357,Hyundai,22491,-1.12,-4.39,-8.24
09-25-2022,24347.671714521166,Hyundai,22491,-1.12,-4.39,-8.24
10-31-2022,24704.93224021952,Hyundai,22491,-1.12,-4.39,-8.24
12-06-2022,24485.010030465546,Hyundai,22491,-1.12,-4.39,-8.24
01-11-2023,24165.66497088154,Hyundai,22491,-1.12,-4.39,-8.24
02-16-2023,24356.741571759376,Hyundai,22491,-1.12,-4.39,-8.24
03-24-2023,24490.198712216577,Hyundai,22491,-1.12,-4.39,-8.24
04-29-2023,24589.600884636016,Hyundai,22491,-1.12,-4.39,-8.24
06-04-2023,24733.033108692514,Hyundai,22491,-1.12,-4.39,-8.24
07-10-2023,24834.346719540612,Hyundai,22491,-1.12,-4.39,-8.24
08-15-2023,24766.796548207418,Hyundai,22491,-1.12,-4.39,-8.24
09-20-2023,24709.00574090854,Hyundai,22491,-1.12,-4.39,-8.24
10-26-2023,24690.301085184063,Hyundai,22491,-1.12,-4.39,-8.24
12-01-2023,24138.089796038843,Hyundai,22491,-1.12,-4.39,-8.24
01-06-2024,23545.67281169761,Hyundai,22491,-1.12,-4.39,-8.24
02-11-2024,23191.08498221406,Hyundai,22491,-1.12,-4.39,-8.24
03-18-2024,22760.139529382053,Hyundai,22491,-1.12,-4.39,-8.24
07-21-2014,21963.07430715063,Van,45856,-3.07,-5.6,-2.4
08-26-2014,22228.57517615181,Van,45856,-3.07,-5.6,-2.4
10-01-2014,21802.134969463994,Van,45856,-3.07,-5.6,-2.4
11-06-2014,21610.106096879434,Van,45856,-3.07,-5.6,-2.4
12-12-2014,21966.811876473592,Van,45856,-3.07,-5.6,-2.4
01-17-2015,22229.852894653974,Van,45856,-3.07,-5.6,-2.4
02-22-2015,22741.21939291963,Van,45856,-3.07,-5.6,-2.4
03-30-2015,23014.40045462298,Van,45856,-3.07,-5.6,-2.4
05-05-2015,23422.739867786793,Van,45856,-3.07,-5.6,-2.4
06-10-2015,23558.589282424422,Van,45856,-3.07,-5.6,-2.4
07-16-2015,23828.68181635141,Van,45856,-3.07,-5.6,-2.4
08-21-2015,23318.94203845447,Van,45856,-3.07,-5.6,-2.4
09-26-2015,23720.428110654993,Van,45856,-3.07,-5.6,-2.4
11-01-2015,24329.518274755093,Van,45856,-3.07,-5.6,-2.4
12-07-2015,25063.045472364178,Van,45856,-3.07,-5.6,-2.4
01-12-2016,25188.510895743973,Van,45856,-3.07,-5.6,-2.4
02-17-2016,24901.52133221444,Van,45856,-3.07,-5.6,-2.4
03-24-2016,24873.41827556568,Van,45856,-3.07,-5.6,-2.4
04-29-2016,25433.951950780174,Van,45856,-3.07,-5.6,-2.4
06-04-2016,25690.715663884388,Van,45856,-3.07,-5.6,-2.4
07-10-2016,26133.800764533516,Van,45856,-3.07,-5.6,-2.4
08-15-2016,25749.706731462396,Van,45856,-3.07,-5.6,-2.4
09-20-2016,25396.921843778517,Van,45856,-3.07,-5.6,-2.4
10-26-2016,25207.12260798956,Van,45856,-3.07,-5.6,-2.4
12-01-2016,25053.35051638102,Van,45856,-3.07,-5.6,-2.4
01-06-2017,25049.737113639123,Van,45856,-3.07,-5.6,-2.4
02-11-2017,24979.408625310207,Van,45856,-3.07,-5.6,-2.4
03-19-2017,24911.28743779939,Van,45856,-3.07,-5.6,-2.4
04-24-2017,25205.1789093985,Van,45856,-3.07,-5.6,-2.4
05-30-2017,25042.47240581925,Van,45856,-3.07,-5.6,-2.4
07-05-2017,24968.67071694711,Van,45856,-3.07,-5.6,-2.4
08-10-2017,24906.7305620875,Van,45856,-3.07,-5.6,-2.4
09-15-2017,24938.14397100148,Van,45856,-3.07,-5.6,-2.4
10-21-2017,24878.194447964826,Van,45856,-3.07,-5.6,-2.4
11-26-2017,24727.923562047865,Van,45856,-3.07,-5.6,-2.4
01-01-2018,24753.633738455042,Van,45856,-3.07,-5.6,-2.4
02-06-2018,25006.93188808325,Van,45856,-3.07,-5.6,-2.4
03-14-2018,25093.99713785122,Van,45856,-3.07,-5.6,-2.4
04-19-2018,25565.025470843564,Van,45856,-3.07,-5.6,-2.4
05-25-2018,26539.055842122903,Van,45856,-3.07,-5.6,-2.4
06-30-2018,26879.107043116786,Van,45856,-3.07,-5.6,-2.4
08-05-2018,26647.049724309698,Van,45856,-3.07,-5.6,-2.4
09-10-2018,26492.127936798242,Van,45856,-3.07,-5.6,-2.4
10-16-2018,26505.156424319644,Van,45856,-3.07,-5.6,-2.4
11-21-2018,26153.936252574924,Van,45856,-3.07,-5.6,-2.4
12-27-2018,25842.01621371693,Van,45856,-3.07,-5.6,-2.4
02-01-2019,26299.830991197196,Van,45856,-3.07,-5.6,-2.4
03-09-2019,27093.872282238797,Van,45856,-3.07,-5.6,-2.4
04-14-2019,27063.35853266196,Van,45856,-3.07,-5.6,-2.4
05-20-2019,26829.935287492026,Van,45856,-3.07,-5.6,-2.4
06-25-2019,27106.096090868286,Van,45856,-3.07,-5.6,-2.4
07-31-2019,27300.7888431945,Van,45856,-3.07,-5.6,-2.4
09-05-2019,27228.65477383518,Van,45856,-3.07,-5.6,-2.4
10-11-2019,27592.1892656208,Van,45856,-3.07,-5.6,-2.4
11-16-2019,27554.31117442363,Van,45856,-3.07,-5.6,-2.4
12-22-2019,26843.406344465915,Van,45856,-3.07,-5.6,-2.4
01-27-2020,26649.613801314514,Van,45856,-3.07,-5.6,-2.4
03-03-2020,26948.93605489821,Van,45856,-3.07,-5.6,-2.4
04-08-2020,26028.724529088064,Van,45856,-3.07,-5.6,-2.4
05-14-2020,25589.91514308897,Van,45856,-3.07,-5.6,-2.4
06-19-2020,25096.743679101102,Van,45856,-3.07,-5.6,-2.4
07-25-2020,24954.363729511242,Van,45856,-3.07,-5.6,-2.4
08-30-2020,24981.782226762898,Van,45856,-3.07,-5.6,-2.4
10-05-2020,24663.93596539827,Van,45856,-3.07,-5.6,-2.4
11-10-2020,24483.79300987574,Van,45856,-3.07,-5.6,-2.4
12-16-2020,24430.111096020013,Van,45856,-3.07,-5.6,-2.4
01-21-2021,24723.577814191103,Van,45856,-3.07,-5.6,-2.4
02-26-2021,25990.078775542606,Van,45856,-3.07,-5.6,-2.4
04-03-2021,27604.153314172734,Van,45856,-3.07,-5.6,-2.4
05-09-2021,29751.998513996332,Van,45856,-3.07,-5.6,-2.4
06-14-2021,31283.874833549064,Van,45856,-3.07,-5.6,-2.4
07-20-2021,31752.043545736087,Van,45856,-3.07,-5.6,-2.4
08-25-2021,31323.802818722397,Van,45856,-3.07,-5.6,-2.4
09-30-2021,31694.520980328405,Van,45856,-3.07,-5.6,-2.4
11-05-2021,32211.28813090335,Van,45856,-3.07,-5.6,-2.4
12-11-2021,32645.32330061574,Van,45856,-3.07,-5.6,-2.4
01-16-2022,34554.67655655558,Van,45856,-3.07,-5.6,-2.4
02-21-2022,37649.019583024536,Van,45856,-3.07,-5.6,-2.4
03-29-2022,40835.99774795187,Van,45856,-3.07,-5.6,-2.4
05-04-2022,43802.86609995315,Van,45856,-3.07,-5.6,-2.4
06-09-2022,45274.80916063077,Van,45856,-3.07,-5.6,-2.4
07-15-2022,45253.52933795392,Van,45856,-3.07,-5.6,-2.4
08-20-2022,45091.42472473298,Van,45856,-3.07,-5.6,-2.4
09-25-2022,44348.4195882744,Van,45856,-3.07,-5.6,-2.4
10-31-2022,43576.682074523655,Van,45856,-3.07,-5.6,-2.4
12-06-2022,42850.42301011388,Van,45856,-3.07,-5.6,-2.4
01-11-2023,41857.58025122799,Van,45856,-3.07,-5.6,-2.4
02-16-2023,41956.33425811641,Van,45856,-3.07,-5.6,-2.4
03-24-2023,42665.694335515516,Van,45856,-3.07,-5.6,-2.4
04-29-2023,43407.92949747844,Van,45856,-3.07,-5.6,-2.4
06-04-2023,43625.79225211549,Van,45856,-3.07,-5.6,-2.4
07-10-2023,43402.11238653473,Van,45856,-3.07,-5.6,-2.4
08-15-2023,42741.98757195273,Van,45856,-3.07,-5.6,-2.4
09-20-2023,42210.59539371019,Van,45856,-3.07,-5.6,-2.4
10-26-2023,41535.13328394535,Van,45856,-3.07,-5.6,-2.4
12-01-2023,40575.65821997954,Van,45856,-3.07,-5.6,-2.4
01-06-2024,39214.66131612086,Van,45856,-3.07,-5.6,-2.4
02-11-2024,37930.313717175326,Van,45856,-3.07,-5.6,-2.4
03-18-2024,37375.27946862573,Van,45856,-3.07,-5.6,-2.4
07-21-2014,15633.931706263735,Minivan,45856,-3.07,-5.6,-2.4
08-26-2014,15477.30982629745,Minivan,45856,-3.07,-5.6,-2.4
10-01-2014,14964.639269916488,Minivan,45856,-3.07,-5.6,-2.4
11-06-2014,15039.523106868615,Minivan,45856,-3.07,-5.6,-2.4
12-12-2014,15154.707725212678,Minivan,45856,-3.07,-5.6,-2.4
01-17-2015,15088.637834685354,Minivan,45856,-3.07,-5.6,-2.4
02-22-2015,15201.010398351478,Minivan,45856,-3.07,-5.6,-2.4
03-30-2015,15449.011648141375,Minivan,45856,-3.07,-5.6,-2.4
05-05-2015,16095.030894349571,Minivan,45856,-3.07,-5.6,-2.4
06-10-2015,16462.7459829624,Minivan,45856,-3.07,-5.6,-2.4
07-16-2015,16624.940330346446,Minivan,45856,-3.07,-5.6,-2.4
08-21-2015,16325.048238060583,Minivan,45856,-3.07,-5.6,-2.4
09-26-2015,16121.998441017238,Minivan,45856,-3.07,-5.6,-2.4
11-01-2015,16286.302245528426,Minivan,45856,-3.07,-5.6,-2.4
12-07-2015,16815.46523372395,Minivan,45856,-3.07,-5.6,-2.4
01-12-2016,16803.6779209675,Minivan,45856,-3.07,-5.6,-2.4
02-17-2016,16532.02896809602,Minivan,45856,-3.07,-5.6,-2.4
03-24-2016,16621.697148586973,Minivan,45856,-3.07,-5.6,-2.4
04-29-2016,17049.678943733787,Minivan,45856,-3.07,-5.6,-2.4
06-04-2016,17552.955050886198,Minivan,45856,-3.07,-5.6,-2.4
07-10-2016,17870.623415333306,Minivan,45856,-3.07,-5.6,-2.4
08-15-2016,17651.452690833,Minivan,45856,-3.07,-5.6,-2.4
09-20-2016,17454.324664947504,Minivan,45856,-3.07,-5.6,-2.4
10-26-2016,17743.678715170263,Minivan,45856,-3.07,-5.6,-2.4
12-01-2016,17723.30676795075,Minivan,45856,-3.07,-5.6,-2.4
01-06-2017,17617.371352245027,Minivan,45856,-3.07,-5.6,-2.4
02-11-2017,17715.68816419871,Minivan,45856,-3.07,-5.6,-2.4
03-19-2017,18006.715680334557,Minivan,45856,-3.07,-5.6,-2.4
04-24-2017,18377.84613470553,Minivan,45856,-3.07,-5.6,-2.4
05-30-2017,18660.81897460349,Minivan,45856,-3.07,-5.6,-2.4
07-05-2017,18538.211670417997,Minivan,45856,-3.07,-5.6,-2.4
08-10-2017,18306.0205261981,Minivan,45856,-3.07,-5.6,-2.4
09-15-2017,17973.048921433332,Minivan,45856,-3.07,-5.6,-2.4
10-21-2017,17927.880953378935,Minivan,45856,-3.07,-5.6,-2.4
11-26-2017,18116.703558524943,Minivan,45856,-3.07,-5.6,-2.4
01-01-2018,18059.437104463286,Minivan,45856,-3.07,-5.6,-2.4
02-06-2018,18013.48690808242,Minivan,45856,-3.07,-5.6,-2.4
03-14-2018,17989.712038071317,Minivan,45856,-3.07,-5.6,-2.4
04-19-2018,18311.803419296353,Minivan,45856,-3.07,-5.6,-2.4
05-25-2018,18972.187294054213,Minivan,45856,-3.07,-5.6,-2.4
06-30-2018,19202.78067041157,Minivan,45856,-3.07,-5.6,-2.4
08-05-2018,19124.516081626996,Minivan,45856,-3.07,-5.6,-2.4
09-10-2018,18692.272200386236,Minivan,45856,-3.07,-5.6,-2.4
10-16-2018,18626.031849017323,Minivan,45856,-3.07,-5.6,-2.4
11-21-2018,18733.95799834764,Minivan,45856,-3.07,-5.6,-2.4
12-27-2018,18590.724226603474,Minivan,45856,-3.07,-5.6,-2.4
02-01-2019,18611.822246160395,Minivan,45856,-3.07,-5.6,-2.4
03-09-2019,18920.085215438678,Minivan,45856,-3.07,-5.6,-2.4
04-14-2019,19290.48545815398,Minivan,45856,-3.07,-5.6,-2.4
05-20-2019,19687.352157213118,Minivan,45856,-3.07,-5.6,-2.4
06-25-2019,19566.59967392497,Minivan,45856,-3.07,-5.6,-2.4
07-31-2019,19374.323316692597,Minivan,45856,-3.07,-5.6,-2.4
09-05-2019,19051.5130616428,Minivan,45856,-3.07,-5.6,-2.4
10-11-2019,19006.158976125556,Minivan,45856,-3.07,-5.6,-2.4
11-16-2019,18865.07468681962,Minivan,45856,-3.07,-5.6,-2.4
12-22-2019,18585.3681052982,Minivan,45856,-3.07,-5.6,-2.4
01-27-2020,18312.12693335834,Minivan,45856,-3.07,-5.6,-2.4
03-03-2020,18202.453785255493,Minivan,45856,-3.07,-5.6,-2.4
04-08-2020,18347.47049690315,Minivan,45856,-3.07,-5.6,-2.4
05-14-2020,18375.78931159975,Minivan,45856,-3.07,-5.6,-2.4
06-19-2020,18217.487020796154,Minivan,45856,-3.07,-5.6,-2.4
07-25-2020,18275.457995702127,Minivan,45856,-3.07,-5.6,-2.4
08-30-2020,18354.602625620577,Minivan,45856,-3.07,-5.6,-2.4
10-05-2020,18191.534238483266,Minivan,45856,-3.07,-5.6,-2.4
11-10-2020,18133.742436658078,Minivan,45856,-3.07,-5.6,-2.4
12-16-2020,18123.91305966756,Minivan,45856,-3.07,-5.6,-2.4
01-21-2021,18136.032988152663,Minivan,45856,-3.07,-5.6,-2.4
02-26-2021,18445.376240116075,Minivan,45856,-3.07,-5.6,-2.4
04-03-2021,18880.93193369226,Minivan,45856,-3.07,-5.6,-2.4
05-09-2021,19260.576132890823,Minivan,45856,-3.07,-5.6,-2.4
06-14-2021,19526.629769666535,Minivan,45856,-3.07,-5.6,-2.4
07-20-2021,19665.019098333287,Minivan,45856,-3.07,-5.6,-2.4
08-25-2021,19790.433852876668,Minivan,45856,-3.07,-5.6,-2.4
09-30-2021,19883.949476587313,Minivan,45856,-3.07,-5.6,-2.4
11-05-2021,20399.646238083795,Minivan,45856,-3.07,-5.6,-2.4
12-11-2021,21428.14744851506,Minivan,45856,-3.07,-5.6,-2.4
01-16-2022,22658.47787299349,Minivan,45856,-3.07,-5.6,-2.4
02-21-2022,24153.67534251498,Minivan,45856,-3.07,-5.6,-2.4
03-29-2022,25529.530277505033,Minivan,45856,-3.07,-5.6,-2.4
05-04-2022,26787.06669403681,Minivan,45856,-3.07,-5.6,-2.4
06-09-2022,27020.873500670405,Minivan,45856,-3.07,-5.6,-2.4
07-15-2022,26924.001697131687,Minivan,45856,-3.07,-5.6,-2.4
08-20-2022,26648.305435374055,Minivan,45856,-3.07,-5.6,-2.4
09-25-2022,26161.056861695008,Minivan,45856,-3.07,-5.6,-2.4
10-31-2022,26398.719024009562,Minivan,45856,-3.07,-5.6,-2.4
12-06-2022,26517.788518204343,Minivan,45856,-3.07,-5.6,-2.4
01-11-2023,26228.298057775675,Minivan,45856,-3.07,-5.6,-2.4
02-16-2023,26308.170043177444,Minivan,45856,-3.07,-5.6,-2.4
03-24-2023,26177.416066691294,Minivan,45856,-3.07,-5.6,-2.4
04-29-2023,26339.779839603885,Minivan,45856,-3.07,-5.6,-2.4
06-04-2023,26683.253073144202,Minivan,45856,-3.07,-5.6,-2.4
07-10-2023,26476.9949333062,Minivan,45856,-3.07,-5.6,-2.4
08-15-2023,26365.19661659153,Minivan,45856,-3.07,-5.6,-2.4
09-20-2023,26431.83948143333,Minivan,45856,-3.07,-5.6,-2.4
10-26-2023,26950.54843887585,Minivan,45856,-3.07,-5.6,-2.4
12-01-2023,27019.788646906163,Minivan,45856,-3.07,-5.6,-2.4
01-06-2024,26626.791024808655,Minivan,45856,-3.07,-5.6,-2.4
02-11-2024,26312.175699556727,Minivan,45856,-3.07,-5.6,-2.4
03-18-2024,26133.224846938403,Minivan,45856,-3.07,-5.6,-2.4
07-21-2014,26582.023538718593,CarGurus Index,32420,-2.35,-5.54,-5.58
08-26-2014,26733.66695944421,CarGurus Index,32420,-2.35,-5.54,-5.58
10-01-2014,26425.207551523145,CarGurus Index,32420,-2.35,-5.54,-5.58
11-06-2014,25936.942586810586,CarGurus Index,32420,-2.35,-5.54,-5.58
12-12-2014,25592.67193165749,CarGurus Index,32420,-2.35,-5.54,-5.58
01-17-2015,25361.443453446784,CarGurus Index,32420,-2.35,-5.54,-5.58
02-22-2015,25223.641275541584,CarGurus Index,32420,-2.35,-5.54,-5.58
03-30-2015,25149.555978012613,CarGurus Index,32420,-2.35,-5.54,-5.58
05-05-2015,25205.14696958146,CarGurus Index,32420,-2.35,-5.54,-5.58
06-10-2015,25219.41958273724,CarGurus Index,32420,-2.35,-5.54,-5.58
07-16-2015,25249.168200356362,CarGurus Index,32420,-2.35,-5.54,-5.58
08-21-2015,25026.360589956523,CarGurus Index,32420,-2.35,-5.54,-5.58
09-26-2015,25053.722931848602,CarGurus Index,32420,-2.35,-5.54,-5.58
11-01-2015,24924.05885485052,CarGurus Index,32420,-2.35,-5.54,-5.58
12-07-2015,24956.06053015344,CarGurus Index,32420,-2.35,-5.54,-5.58
01-12-2016,24771.800619343205,CarGurus Index,32420,-2.35,-5.54,-5.58
02-17-2016,24404.74061586835,CarGurus Index,32420,-2.35,-5.54,-5.58
03-24-2016,24404.8107803985,CarGurus Index,32420,-2.35,-5.54,-5.58
04-29-2016,24537.197868321826,CarGurus Index,32420,-2.35,-5.54,-5.58
06-04-2016,24778.965355983826,CarGurus Index,32420,-2.35,-5.54,-5.58
07-10-2016,24910.42870045222,CarGurus Index,32420,-2.35,-5.54,-5.58
08-15-2016,24770.496409310545,CarGurus Index,32420,-2.35,-5.54,-5.58
09-20-2016,24717.045425030137,CarGurus Index,32420,-2.35,-5.54,-5.58
10-26-2016,24817.69956416826,CarGurus Index,32420,-2.35,-5.54,-5.58
12-01-2016,24977.525330251658,CarGurus Index,32420,-2.35,-5.54,-5.58
01-06-2017,24879.54288238875,CarGurus Index,32420,-2.35,-5.54,-5.58
02-11-2017,24669.87963828182,CarGurus Index,32420,-2.35,-5.54,-5.58
03-19-2017,24787.66403976997,CarGurus Index,32420,-2.35,-5.54,-5.58
04-24-2017,24706.652806949187,CarGurus Index,32420,-2.35,-5.54,-5.58
05-30-2017,24624.816643227798,CarGurus Index,32420,-2.35,-5.54,-5.58
07-05-2017,24440.824475208297,CarGurus Index,32420,-2.35,-5.54,-5.58
08-10-2017,24465.74637135713,CarGurus Index,32420,-2.35,-5.54,-5.58
09-15-2017,24521.167425957923,CarGurus Index,32420,-2.35,-5.54,-5.58
10-21-2017,24526.35785824905,CarGurus Index,32420,-2.35,-5.54,-5.58
11-26-2017,24541.336490942653,CarGurus Index,32420,-2.35,-5.54,-5.58
01-01-2018,24519.893457211878,CarGurus Index,32420,-2.35,-5.54,-5.58
02-06-2018,24675.923492856047,CarGurus Index,32420,-2.35,-5.54,-5.58
03-14-2018,24684.17719908086,CarGurus Index,32420,-2.35,-5.54,-5.58
04-19-2018,24763.36844093367,CarGurus Index,32420,-2.35,-5.54,-5.58
05-25-2018,24773.90080150003,CarGurus Index,32420,-2.35,-5.54,-5.58
06-30-2018,24781.008595094743,CarGurus Index,32420,-2.35,-5.54,-5.58
08-05-2018,24729.422422711574,CarGurus Index,32420,-2.35,-5.54,-5.58
09-10-2018,24370.887213401224,CarGurus Index,32420,-2.35,-5.54,-5.58
10-16-2018,24281.49419386589,CarGurus Index,32420,-2.35,-5.54,-5.58
11-21-2018,24251.188696926445,CarGurus Index,32420,-2.35,-5.54,-5.58
12-27-2018,24251.177842274912,CarGurus Index,32420,-2.35,-5.54,-5.58
02-01-2019,24343.86091052987,CarGurus Index,32420,-2.35,-5.54,-5.58
03-09-2019,24350.018875749505,CarGurus Index,32420,-2.35,-5.54,-5.58
04-14-2019,24554.31725495116,CarGurus Index,32420,-2.35,-5.54,-5.58
05-20-2019,24575.587058409583,CarGurus Index,32420,-2.35,-5.54,-5.58
06-25-2019,24646.907220911467,CarGurus Index,32420,-2.35,-5.54,-5.58
07-31-2019,24752.56014707551,CarGurus Index,32420,-2.35,-5.54,-5.58
09-05-2019,24680.371102468427,CarGurus Index,32420,-2.35,-5.54,-5.58
10-11-2019,24584.61482423451,CarGurus Index,32420,-2.35,-5.54,-5.58
11-16-2019,24455.306277283395,CarGurus Index,32420,-2.35,-5.54,-5.58
12-22-2019,24201.499266370414,CarGurus Index,32420,-2.35,-5.54,-5.58
01-27-2020,24069.560165021463,CarGurus Index,32420,-2.35,-5.54,-5.58
03-03-2020,23789.510222899513,CarGurus Index,32420,-2.35,-5.54,-5.58
04-08-2020,23808.9865343084,CarGurus Index,32420,-2.35,-5.54,-5.58
05-14-2020,23975.141749944763,CarGurus Index,32420,-2.35,-5.54,-5.58
06-19-2020,23682.67417786694,CarGurus Index,32420,-2.35,-5.54,-5.58
07-25-2020,23284.374402809488,CarGurus Index,32420,-2.35,-5.54,-5.58
08-30-2020,23112.28639473549,CarGurus Index,32420,-2.35,-5.54,-5.58
10-05-2020,23226.31627367837,CarGurus Index,32420,-2.35,-5.54,-5.58
11-10-2020,23607.346115948687,CarGurus Index,32420,-2.35,-5.54,-5.58
12-16-2020,23854.284796295145,CarGurus Index,32420,-2.35,-5.54,-5.58
01-21-2021,24016.553347199595,CarGurus Index,32420,-2.35,-5.54,-5.58
02-26-2021,24317.49726679394,CarGurus Index,32420,-2.35,-5.54,-5.58
04-03-2021,24524.724683638247,CarGurus Index,32420,-2.35,-5.54,-5.58
05-09-2021,24803.800067333505,CarGurus Index,32420,-2.35,-5.54,-5.58
06-14-2021,25426.95825637273,CarGurus Index,32420,-2.35,-5.54,-5.58
07-20-2021,26068.763567142574,CarGurus Index,32420,-2.35,-5.54,-5.58
08-25-2021,26737.933003605172,CarGurus Index,32420,-2.35,-5.54,-5.58
09-30-2021,27859.87659908165,CarGurus Index,32420,-2.35,-5.54,-5.58
11-05-2021,29264.563022540675,CarGurus Index,32420,-2.35,-5.54,-5.58
12-11-2021,30499.501007848616,CarGurus Index,32420,-2.35,-5.54,-5.58
01-16-2022,32112.00610407992,CarGurus Index,32420,-2.35,-5.54,-5.58
02-21-2022,33154.67861007719,CarGurus Index,32420,-2.35,-5.54,-5.58
03-29-2022,34150.26360771721,CarGurus Index,32420,-2.35,-5.54,-5.58
05-04-2022,35301.54595674486,CarGurus Index,32420,-2.35,-5.54,-5.58
06-09-2022,36005.340424412956,CarGurus Index,32420,-2.35,-5.54,-5.58
07-15-2022,36301.00274546134,CarGurus Index,32420,-2.35,-5.54,-5.58
08-20-2022,36276.04771600423,CarGurus Index,32420,-2.35,-5.54,-5.58
09-25-2022,36254.57007881942,CarGurus Index,32420,-2.35,-5.54,-5.58
10-31-2022,35993.7239874715,CarGurus Index,32420,-2.35,-5.54,-5.58
12-06-2022,35512.3788614933,CarGurus Index,32420,-2.35,-5.54,-5.58
01-11-2023,35188.51685682915,CarGurus Index,32420,-2.35,-5.54,-5.58
02-16-2023,34958.17522176764,CarGurus Index,32420,-2.35,-5.54,-5.58
03-24-2023,34676.98022430948,CarGurus Index,32420,-2.35,-5.54,-5.58
04-29-2023,34404.01504007041,CarGurus Index,32420,-2.35,-5.54,-5.58
06-04-2023,34662.9506748017,CarGurus Index,32420,-2.35,-5.54,-5.58
07-10-2023,35096.43472982852,CarGurus Index,32420,-2.35,-5.54,-5.58
08-15-2023,35358.88397667846,CarGurus Index,32420,-2.35,-5.54,-5.58
09-20-2023,35525.60614406189,CarGurus Index,32420,-2.35,-5.54,-5.58
10-26-2023,35508.59503042701,CarGurus Index,32420,-2.35,-5.54,-5.58
12-01-2023,35019.675254266986,CarGurus Index,32420,-2.35,-5.54,-5.58
01-06-2024,34374.223340163255,CarGurus Index,32420,-2.35,-5.54,-5.58
02-11-2024,33963.25036715017,CarGurus Index,32420,-2.35,-5.54,-5.58
03-18-2024,33178.67819635359,CarGurus Index,32420,-2.35,-5.54,-5.58
07-21-2014,16737.644814093168,Toyota,31072,-1.28,-3.28,-2.78
08-26-2014,16863.187766948082,Toyota,31072,-1.28,-3.28,-2.78
10-01-2014,16756.795893959024,Toyota,31072,-1.28,-3.28,-2.78
11-06-2014,16689.155206974654,Toyota,31072,-1.28,-3.28,-2.78
12-12-2014,16561.50692625632,Toyota,31072,-1.28,-3.28,-2.78
01-17-2015,16528.290078067257,Toyota,31072,-1.28,-3.28,-2.78
02-22-2015,16470.69773389103,Toyota,31072,-1.28,-3.28,-2.78
03-30-2015,16657.769962172217,Toyota,31072,-1.28,-3.28,-2.78
05-05-2015,16823.3479206458,Toyota,31072,-1.28,-3.28,-2.78
06-10-2015,16838.485312201585,Toyota,31072,-1.28,-3.28,-2.78
07-16-2015,16961.992069721833,Toyota,31072,-1.28,-3.28,-2.78
08-21-2015,16977.55607137387,Toyota,31072,-1.28,-3.28,-2.78
09-26-2015,16949.859929979637,Toyota,31072,-1.28,-3.28,-2.78
11-01-2015,17041.449116948592,Toyota,31072,-1.28,-3.28,-2.78
12-07-2015,17377.95781238857,Toyota,31072,-1.28,-3.28,-2.78
01-12-2016,17543.654369273005,Toyota,31072,-1.28,-3.28,-2.78
02-17-2016,17485.219256028744,Toyota,31072,-1.28,-3.28,-2.78
03-24-2016,17659.503213792083,Toyota,31072,-1.28,-3.28,-2.78
04-29-2016,17946.625803673356,Toyota,31072,-1.28,-3.28,-2.78
06-04-2016,18032.152045285868,Toyota,31072,-1.28,-3.28,-2.78
07-10-2016,18035.619605163443,Toyota,31072,-1.28,-3.28,-2.78
08-15-2016,17822.39955885461,Toyota,31072,-1.28,-3.28,-2.78
09-20-2016,17747.97497708894,Toyota,31072,-1.28,-3.28,-2.78
10-26-2016,18028.30245084458,Toyota,31072,-1.28,-3.28,-2.78
12-01-2016,18053.611776219437,Toyota,31072,-1.28,-3.28,-2.78
01-06-2017,18492.81490528962,Toyota,31072,-1.28,-3.28,-2.78
02-11-2017,18831.620284036602,Toyota,31072,-1.28,-3.28,-2.78
03-19-2017,19053.99096541186,Toyota,31072,-1.28,-3.28,-2.78
04-24-2017,19241.209706981277,Toyota,31072,-1.28,-3.28,-2.78
05-30-2017,18993.165318406547,Toyota,31072,-1.28,-3.28,-2.78
07-05-2017,18732.45986578932,Toyota,31072,-1.28,-3.28,-2.78
08-10-2017,18478.301476545243,Toyota,31072,-1.28,-3.28,-2.78
09-15-2017,18444.969779481456,Toyota,31072,-1.28,-3.28,-2.78
10-21-2017,18577.841130456127,Toyota,31072,-1.28,-3.28,-2.78
11-26-2017,18738.894210904782,Toyota,31072,-1.28,-3.28,-2.78
01-01-2018,18788.02547085328,Toyota,31072,-1.28,-3.28,-2.78
02-06-2018,19086.05120271292,Toyota,31072,-1.28,-3.28,-2.78
03-14-2018,19397.388781184098,Toyota,31072,-1.28,-3.28,-2.78
04-19-2018,19623.32003122069,Toyota,31072,-1.28,-3.28,-2.78
05-25-2018,19684.167137876902,Toyota,31072,-1.28,-3.28,-2.78
06-30-2018,19606.933618989577,Toyota,31072,-1.28,-3.28,-2.78
08-05-2018,19475.58386331887,Toyota,31072,-1.28,-3.28,-2.78
09-10-2018,19415.788329268285,Toyota,31072,-1.28,-3.28,-2.78
10-16-2018,19648.202428460998,Toyota,31072,-1.28,-3.28,-2.78
11-21-2018,19579.079219840667,Toyota,31072,-1.28,-3.28,-2.78
12-27-2018,19658.986372859745,Toyota,31072,-1.28,-3.28,-2.78
02-01-2019,19726.342394721098,Toyota,31072,-1.28,-3.28,-2.78
03-09-2019,20001.919010256817,Toyota,31072,-1.28,-3.28,-2.78
04-14-2019,20173.32058533792,Toyota,31072,-1.28,-3.28,-2.78
05-20-2019,20174.502859997312,Toyota,31072,-1.28,-3.28,-2.78
06-25-2019,20176.26599246623,Toyota,31072,-1.28,-3.28,-2.78
07-31-2019,20260.05666950575,Toyota,31072,-1.28,-3.28,-2.78
09-05-2019,20411.400924236597,Toyota,31072,-1.28,-3.28,-2.78
10-11-2019,20478.173566012978,Toyota,31072,-1.28,-3.28,-2.78
11-16-2019,20591.203726923137,Toyota,31072,-1.28,-3.28,-2.78
12-22-2019,20706.9494340242,Toyota,31072,-1.28,-3.28,-2.78
01-27-2020,20947.144706926345,Toyota,31072,-1.28,-3.28,-2.78
03-03-2020,21273.572613329856,Toyota,31072,-1.28,-3.28,-2.78
04-08-2020,21591.12367739865,Toyota,31072,-1.28,-3.28,-2.78
05-14-2020,21823.45925736337,Toyota,31072,-1.28,-3.28,-2.78
06-19-2020,21309.443422639382,Toyota,31072,-1.28,-3.28,-2.78
07-25-2020,20513.707929865213,Toyota,31072,-1.28,-3.28,-2.78
08-30-2020,19806.463223987612,Toyota,31072,-1.28,-3.28,-2.78
10-05-2020,19729.526096965023,Toyota,31072,-1.28,-3.28,-2.78
11-10-2020,19990.44579937939,Toyota,31072,-1.28,-3.28,-2.78
12-16-2020,20293.749562210553,Toyota,31072,-1.28,-3.28,-2.78
01-21-2021,20627.88222981465,Toyota,31072,-1.28,-3.28,-2.78
02-26-2021,21109.515546304956,Toyota,31072,-1.28,-3.28,-2.78
04-03-2021,21451.69874149802,Toyota,31072,-1.28,-3.28,-2.78
05-09-2021,21486.336660447938,Toyota,31072,-1.28,-3.28,-2.78
06-14-2021,21783.94988516836,Toyota,31072,-1.28,-3.28,-2.78
07-20-2021,21920.85184094858,Toyota,31072,-1.28,-3.28,-2.78
08-25-2021,22251.401392227388,Toyota,31072,-1.28,-3.28,-2.78
09-30-2021,23244.839527027027,Toyota,31072,-1.28,-3.28,-2.78
11-05-2021,24581.677969800763,Toyota,31072,-1.28,-3.28,-2.78
12-11-2021,25934.24833385717,Toyota,31072,-1.28,-3.28,-2.78
01-16-2022,27843.037167361108,Toyota,31072,-1.28,-3.28,-2.78
02-21-2022,29587.690826481958,Toyota,31072,-1.28,-3.28,-2.78
03-29-2022,31219.517422810884,Toyota,31072,-1.28,-3.28,-2.78
05-04-2022,32748.807480991567,Toyota,31072,-1.28,-3.28,-2.78
06-09-2022,33105.86907795972,Toyota,31072,-1.28,-3.28,-2.78
07-15-2022,33146.5787957782,Toyota,31072,-1.28,-3.28,-2.78
08-20-2022,32974.4412144215,Toyota,31072,-1.28,-3.28,-2.78
09-25-2022,32875.49814296716,Toyota,31072,-1.28,-3.28,-2.78
10-31-2022,32641.704527550304,Toyota,31072,-1.28,-3.28,-2.78
12-06-2022,32388.107148954023,Toyota,31072,-1.28,-3.28,-2.78
01-11-2023,32160.7577770811,Toyota,31072,-1.28,-3.28,-2.78
02-16-2023,31993.839622473934,Toyota,31072,-1.28,-3.28,-2.78
03-24-2023,31855.45395300494,Toyota,31072,-1.28,-3.28,-2.78
04-29-2023,32176.39996485154,Toyota,31072,-1.28,-3.28,-2.78
06-04-2023,32650.641977155312,Toyota,31072,-1.28,-3.28,-2.78
07-10-2023,33021.61318074015,Toyota,31072,-1.28,-3.28,-2.78
08-15-2023,32973.86923179002,Toyota,31072,-1.28,-3.28,-2.78
09-20-2023,33030.12991801476,Toyota,31072,-1.28,-3.28,-2.78
10-26-2023,33231.68482926598,Toyota,31072,-1.28,-3.28,-2.78
12-01-2023,32882.48493056911,Toyota,31072,-1.28,-3.28,-2.78
01-06-2024,32215.368139353148,Toyota,31072,-1.28,-3.28,-2.78
02-11-2024,31802.44311727715,Toyota,31072,-1.28,-3.28,-2.78
03-18-2024,31444.792546757282,Toyota,31072,-1.28,-3.28,-2.78
07-21-2014,17996.957143747568,Subaru,25239,-1.67,-4.01,-6.09
08-26-2014,17980.277051027017,Subaru,25239,-1.67,-4.01,-6.09
10-01-2014,18071.557187636856,Subaru,25239,-1.67,-4.01,-6.09
11-06-2014,18261.285441772245,Subaru,25239,-1.67,-4.01,-6.09
12-12-2014,18241.817940420504,Subaru,25239,-1.67,-4.01,-6.09
01-17-2015,18172.872900821498,Subaru,25239,-1.67,-4.01,-6.09
02-22-2015,18725.37314951413,Subaru,25239,-1.67,-4.01,-6.09
03-30-2015,18955.971959540762,Subaru,25239,-1.67,-4.01,-6.09
05-05-2015,19073.1331132867,Subaru,25239,-1.67,-4.01,-6.09
06-10-2015,19056.81719521742,Subaru,25239,-1.67,-4.01,-6.09
07-16-2015,19016.503339910167,Subaru,25239,-1.67,-4.01,-6.09
08-21-2015,19121.684592129823,Subaru,25239,-1.67,-4.01,-6.09
09-26-2015,19134.81623626963,Subaru,25239,-1.67,-4.01,-6.09
11-01-2015,19309.869739537335,Subaru,25239,-1.67,-4.01,-6.09
12-07-2015,19869.26905954403,Subaru,25239,-1.67,-4.01,-6.09
01-12-2016,19746.988809948543,Subaru,25239,-1.67,-4.01,-6.09
02-17-2016,19664.906318918278,Subaru,25239,-1.67,-4.01,-6.09
03-24-2016,19653.690211339035,Subaru,25239,-1.67,-4.01,-6.09
04-29-2016,19565.56069574706,Subaru,25239,-1.67,-4.01,-6.09
06-04-2016,19767.786611576794,Subaru,25239,-1.67,-4.01,-6.09
07-10-2016,19645.66685593516,Subaru,25239,-1.67,-4.01,-6.09
08-15-2016,19499.579094986246,Subaru,25239,-1.67,-4.01,-6.09
09-20-2016,19002.73529072901,Subaru,25239,-1.67,-4.01,-6.09
10-26-2016,19315.4806916285,Subaru,25239,-1.67,-4.01,-6.09
12-01-2016,19375.955420615923,Subaru,25239,-1.67,-4.01,-6.09
01-06-2017,19671.282040063492,Subaru,25239,-1.67,-4.01,-6.09
02-11-2017,20154.220230910596,Subaru,25239,-1.67,-4.01,-6.09
03-19-2017,20098.328984990032,Subaru,25239,-1.67,-4.01,-6.09
04-24-2017,19825.94798818492,Subaru,25239,-1.67,-4.01,-6.09
05-30-2017,19504.357681546317,Subaru,25239,-1.67,-4.01,-6.09
07-05-2017,19146.701663966192,Subaru,25239,-1.67,-4.01,-6.09
08-10-2017,18914.842905711153,Subaru,25239,-1.67,-4.01,-6.09
09-15-2017,18661.606716031947,Subaru,25239,-1.67,-4.01,-6.09
10-21-2017,18875.887962765562,Subaru,25239,-1.67,-4.01,-6.09
11-26-2017,19388.587916034987,Subaru,25239,-1.67,-4.01,-6.09
01-01-2018,19612.63085835365,Subaru,25239,-1.67,-4.01,-6.09
02-06-2018,19712.24436440394,Subaru,25239,-1.67,-4.01,-6.09
03-14-2018,19827.98290767152,Subaru,25239,-1.67,-4.01,-6.09
04-19-2018,19795.51629713387,Subaru,25239,-1.67,-4.01,-6.09
05-25-2018,19838.24609009273,Subaru,25239,-1.67,-4.01,-6.09
06-30-2018,19583.30912303816,Subaru,25239,-1.67,-4.01,-6.09
08-05-2018,19543.86450625906,Subaru,25239,-1.67,-4.01,-6.09
09-10-2018,19455.975895923075,Subaru,25239,-1.67,-4.01,-6.09
10-16-2018,19578.25873021047,Subaru,25239,-1.67,-4.01,-6.09
11-21-2018,19865.602575208963,Subaru,25239,-1.67,-4.01,-6.09
12-27-2018,20039.14736903157,Subaru,25239,-1.67,-4.01,-6.09
02-01-2019,20315.83974288459,Subaru,25239,-1.67,-4.01,-6.09
03-09-2019,20621.21654713492,Subaru,25239,-1.67,-4.01,-6.09
04-14-2019,20827.72023857447,Subaru,25239,-1.67,-4.01,-6.09
05-20-2019,20577.43188783541,Subaru,25239,-1.67,-4.01,-6.09
06-25-2019,20005.571443551413,Subaru,25239,-1.67,-4.01,-6.09
07-31-2019,19729.411468439004,Subaru,25239,-1.67,-4.01,-6.09
09-05-2019,19608.438130854614,Subaru,25239,-1.67,-4.01,-6.09
10-11-2019,19532.808606055572,Subaru,25239,-1.67,-4.01,-6.09
11-16-2019,19648.872408659725,Subaru,25239,-1.67,-4.01,-6.09
12-22-2019,20036.89613519164,Subaru,25239,-1.67,-4.01,-6.09
01-27-2020,20134.212850347278,Subaru,25239,-1.67,-4.01,-6.09
03-03-2020,20146.210954569055,Subaru,25239,-1.67,-4.01,-6.09
04-08-2020,20088.009161134858,Subaru,25239,-1.67,-4.01,-6.09
05-14-2020,20306.83654033552,Subaru,25239,-1.67,-4.01,-6.09
06-19-2020,20094.664649129365,Subaru,25239,-1.67,-4.01,-6.09
07-25-2020,19998.41438865675,Subaru,25239,-1.67,-4.01,-6.09
08-30-2020,19646.982531911803,Subaru,25239,-1.67,-4.01,-6.09
10-05-2020,19568.638926119995,Subaru,25239,-1.67,-4.01,-6.09
11-10-2020,19844.905823324574,Subaru,25239,-1.67,-4.01,-6.09
12-16-2020,20298.192929129924,Subaru,25239,-1.67,-4.01,-6.09
01-21-2021,20440.711126850118,Subaru,25239,-1.67,-4.01,-6.09
02-26-2021,20510.206382472672,Subaru,25239,-1.67,-4.01,-6.09
04-03-2021,20597.21937705789,Subaru,25239,-1.67,-4.01,-6.09
05-09-2021,20548.45787577373,Subaru,25239,-1.67,-4.01,-6.09
06-14-2021,20580.915768826824,Subaru,25239,-1.67,-4.01,-6.09
07-20-2021,20514.53043396984,Subaru,25239,-1.67,-4.01,-6.09
08-25-2021,20610.051156294932,Subaru,25239,-1.67,-4.01,-6.09
09-30-2021,20922.328999785874,Subaru,25239,-1.67,-4.01,-6.09
11-05-2021,21782.046823918176,Subaru,25239,-1.67,-4.01,-6.09
12-11-2021,23018.90634651635,Subaru,25239,-1.67,-4.01,-6.09
01-16-2022,24476.25278956314,Subaru,25239,-1.67,-4.01,-6.09
02-21-2022,25928.703820206458,Subaru,25239,-1.67,-4.01,-6.09
03-29-2022,26883.980410715823,Subaru,25239,-1.67,-4.01,-6.09
05-04-2022,27724.104444879642,Subaru,25239,-1.67,-4.01,-6.09
06-09-2022,28094.72130563133,Subaru,25239,-1.67,-4.01,-6.09
07-15-2022,28132.49950962378,Subaru,25239,-1.67,-4.01,-6.09
08-20-2022,27957.71188108324,Subaru,25239,-1.67,-4.01,-6.09
09-25-2022,27862.693491229416,Subaru,25239,-1.67,-4.01,-6.09
10-31-2022,27448.15370348827,Subaru,25239,-1.67,-4.01,-6.09
12-06-2022,27229.09947538213,Subaru,25239,-1.67,-4.01,-6.09
01-11-2023,27032.03354999113,Subaru,25239,-1.67,-4.01,-6.09
02-16-2023,27021.10105991593,Subaru,25239,-1.67,-4.01,-6.09
03-24-2023,26971.300895660173,Subaru,25239,-1.67,-4.01,-6.09
04-29-2023,27035.207240123404,Subaru,25239,-1.67,-4.01,-6.09
06-04-2023,27304.82915249376,Subaru,25239,-1.67,-4.01,-6.09
07-10-2023,27333.842346772606,Subaru,25239,-1.67,-4.01,-6.09
08-15-2023,27229.845911506116,Subaru,25239,-1.67,-4.01,-6.09
09-20-2023,27223.541881589146,Subaru,25239,-1.67,-4.01,-6.09
10-26-2023,27125.649955112254,Subaru,25239,-1.67,-4.01,-6.09
12-01-2023,26599.409392788028,Subaru,25239,-1.67,-4.01,-6.09
01-06-2024,26281.24863673449,Subaru,25239,-1.67,-4.01,-6.09
02-11-2024,26055.98204156083,Subaru,25239,-1.67,-4.01,-6.09
03-18-2024,25600.545330703553,Subaru,25239,-1.67,-4.01,-6.09
07-21-2014,14365.66561253055,Kia,22932,-1.27,-3.66,-7.29
08-26-2014,14473.881757261042,Kia,22932,-1.27,-3.66,-7.29
10-01-2014,14503.00489314119,Kia,22932,-1.27,-3.66,-7.29
11-06-2014,14572.813335950155,Kia,22932,-1.27,-3.66,-7.29
12-12-2014,14519.86417263321,Kia,22932,-1.27,-3.66,-7.29
01-17-2015,14462.20417210856,Kia,22932,-1.27,-3.66,-7.29
02-22-2015,14513.568818302383,Kia,22932,-1.27,-3.66,-7.29
03-30-2015,14681.407531453853,Kia,22932,-1.27,-3.66,-7.29
05-05-2015,14810.537769111017,Kia,22932,-1.27,-3.66,-7.29
06-10-2015,14897.333819314195,Kia,22932,-1.27,-3.66,-7.29
07-16-2015,14905.487323038386,Kia,22932,-1.27,-3.66,-7.29
08-21-2015,14970.596613593178,Kia,22932,-1.27,-3.66,-7.29
09-26-2015,14885.202531328763,Kia,22932,-1.27,-3.66,-7.29
11-01-2015,14912.293061955803,Kia,22932,-1.27,-3.66,-7.29
12-07-2015,14937.26807163808,Kia,22932,-1.27,-3.66,-7.29
01-12-2016,14882.199703823924,Kia,22932,-1.27,-3.66,-7.29
02-17-2016,14728.996563549377,Kia,22932,-1.27,-3.66,-7.29
03-24-2016,14639.838686378625,Kia,22932,-1.27,-3.66,-7.29
04-29-2016,14650.003651328409,Kia,22932,-1.27,-3.66,-7.29
06-04-2016,14775.216793916303,Kia,22932,-1.27,-3.66,-7.29
07-10-2016,14971.345941682,Kia,22932,-1.27,-3.66,-7.29
08-15-2016,14908.965095233514,Kia,22932,-1.27,-3.66,-7.29
09-20-2016,14736.031465103682,Kia,22932,-1.27,-3.66,-7.29
10-26-2016,14826.339718022642,Kia,22932,-1.27,-3.66,-7.29
12-01-2016,14907.56440003,Kia,22932,-1.27,-3.66,-7.29
01-06-2017,14863.74586716589,Kia,22932,-1.27,-3.66,-7.29
02-11-2017,14856.769119449362,Kia,22932,-1.27,-3.66,-7.29
03-19-2017,14946.345356921482,Kia,22932,-1.27,-3.66,-7.29
04-24-2017,15034.805956984188,Kia,22932,-1.27,-3.66,-7.29
05-30-2017,15142.99679183936,Kia,22932,-1.27,-3.66,-7.29
07-05-2017,14885.739469757764,Kia,22932,-1.27,-3.66,-7.29
08-10-2017,14773.395313783154,Kia,22932,-1.27,-3.66,-7.29
09-15-2017,14601.45769988931,Kia,22932,-1.27,-3.66,-7.29
10-21-2017,14719.823680456457,Kia,22932,-1.27,-3.66,-7.29
11-26-2017,14909.580926627365,Kia,22932,-1.27,-3.66,-7.29
01-01-2018,14858.695393081194,Kia,22932,-1.27,-3.66,-7.29
02-06-2018,14885.240267816082,Kia,22932,-1.27,-3.66,-7.29
03-14-2018,14859.808460797807,Kia,22932,-1.27,-3.66,-7.29
04-19-2018,15026.719405576796,Kia,22932,-1.27,-3.66,-7.29
05-25-2018,15236.017227651511,Kia,22932,-1.27,-3.66,-7.29
06-30-2018,15269.5067306858,Kia,22932,-1.27,-3.66,-7.29
08-05-2018,15222.306429502263,Kia,22932,-1.27,-3.66,-7.29
09-10-2018,14846.173321073218,Kia,22932,-1.27,-3.66,-7.29
10-16-2018,14891.189922568696,Kia,22932,-1.27,-3.66,-7.29
11-21-2018,14816.459657759873,Kia,22932,-1.27,-3.66,-7.29
12-27-2018,14717.671559305138,Kia,22932,-1.27,-3.66,-7.29
02-01-2019,14742.65406713154,Kia,22932,-1.27,-3.66,-7.29
03-09-2019,15060.921148335052,Kia,22932,-1.27,-3.66,-7.29
04-14-2019,15345.697855995815,Kia,22932,-1.27,-3.66,-7.29
05-20-2019,15695.149076268111,Kia,22932,-1.27,-3.66,-7.29
06-25-2019,15901.402107695081,Kia,22932,-1.27,-3.66,-7.29
07-31-2019,15775.528130848721,Kia,22932,-1.27,-3.66,-7.29
09-05-2019,15633.489449347175,Kia,22932,-1.27,-3.66,-7.29
10-11-2019,15714.765321221379,Kia,22932,-1.27,-3.66,-7.29
11-16-2019,15777.777387571938,Kia,22932,-1.27,-3.66,-7.29
12-22-2019,15532.155362929632,Kia,22932,-1.27,-3.66,-7.29
01-27-2020,15329.758766078106,Kia,22932,-1.27,-3.66,-7.29
03-03-2020,15334.856572613739,Kia,22932,-1.27,-3.66,-7.29
04-08-2020,15456.900030937959,Kia,22932,-1.27,-3.66,-7.29
05-14-2020,15474.464033496926,Kia,22932,-1.27,-3.66,-7.29
06-19-2020,15336.479871511558,Kia,22932,-1.27,-3.66,-7.29
07-25-2020,15290.407100479348,Kia,22932,-1.27,-3.66,-7.29
08-30-2020,15292.493461458234,Kia,22932,-1.27,-3.66,-7.29
10-05-2020,15219.96012865304,Kia,22932,-1.27,-3.66,-7.29
11-10-2020,15276.233191688754,Kia,22932,-1.27,-3.66,-7.29
12-16-2020,15198.25443426647,Kia,22932,-1.27,-3.66,-7.29
01-21-2021,15112.359916922107,Kia,22932,-1.27,-3.66,-7.29
02-26-2021,15505.971192847208,Kia,22932,-1.27,-3.66,-7.29
04-03-2021,15918.926955473657,Kia,22932,-1.27,-3.66,-7.29
05-09-2021,16187.735745228716,Kia,22932,-1.27,-3.66,-7.29
06-14-2021,16423.78500063001,Kia,22932,-1.27,-3.66,-7.29
07-20-2021,16446.90314164808,Kia,22932,-1.27,-3.66,-7.29
08-25-2021,16496.763681998298,Kia,22932,-1.27,-3.66,-7.29
09-30-2021,16543.738186018916,Kia,22932,-1.27,-3.66,-7.29
11-05-2021,17093.341870720284,Kia,22932,-1.27,-3.66,-7.29
12-11-2021,17872.758488897707,Kia,22932,-1.27,-3.66,-7.29
01-16-2022,19153.666717183594,Kia,22932,-1.27,-3.66,-7.29
02-21-2022,20480.50669465928,Kia,22932,-1.27,-3.66,-7.29
03-29-2022,21890.223277692658,Kia,22932,-1.27,-3.66,-7.29
05-04-2022,23443.727677799085,Kia,22932,-1.27,-3.66,-7.29
06-09-2022,24385.80806726907,Kia,22932,-1.27,-3.66,-7.29
07-15-2022,25132.816734396798,Kia,22932,-1.27,-3.66,-7.29
08-20-2022,25374.15949795151,Kia,22932,-1.27,-3.66,-7.29
09-25-2022,25685.95546308949,Kia,22932,-1.27,-3.66,-7.29
10-31-2022,25584.287187116694,Kia,22932,-1.27,-3.66,-7.29
12-06-2022,25359.55514687504,Kia,22932,-1.27,-3.66,-7.29
01-11-2023,25125.021973533934,Kia,22932,-1.27,-3.66,-7.29
02-16-2023,24896.240434256364,Kia,22932,-1.27,-3.66,-7.29
03-24-2023,24703.568073459825,Kia,22932,-1.27,-3.66,-7.29
04-29-2023,24717.764291691157,Kia,22932,-1.27,-3.66,-7.29
06-04-2023,24561.725131362073,Kia,22932,-1.27,-3.66,-7.29
07-10-2023,24614.601977248858,Kia,22932,-1.27,-3.66,-7.29
08-15-2023,24604.698877824954,Kia,22932,-1.27,-3.66,-7.29
09-20-2023,24586.32507727664,Kia,22932,-1.27,-3.66,-7.29
10-26-2023,24586.510872742252,Kia,22932,-1.27,-3.66,-7.29
12-01-2023,24264.68547448413,Kia,22932,-1.27,-3.66,-7.29
01-06-2024,23901.147305255403,Kia,22932,-1.27,-3.66,-7.29
02-11-2024,23539.001046459078,Kia,22932,-1.27,-3.66,-7.29
03-18-2024,23206.031055283383,Kia,22932,-1.27,-3.66,-7.29
Â© 2024 CarGurus, Inc., All Rights Reserved.